{
    "rmse": 0.6660854244914881,
    "mae": 0.528116252780527,
    "r2": 0.2392411737608542
}