{
    "rmse": 0.6891807404706972,
    "mae": 0.5445174450667711,
    "r2": 0.27617400647943013
}